{
  "id": "discogs-paste-tagger",
  "title": "Discogs Paste Tagger",
  "type": "script",
  "author": "Max",
  "main": "init.js",
  "version": "0.35.14",
  "description": "Nytt:\r\n– utils/tests/unit.normalizeJoiners.js\r\n\r\nFix:\r\n– normalizeFeat/normalizeVs/normalizeWith läser centrala JOINERS\r\n\r\nFOCUS:\r\n– Refaktorera\r\n\r\nBETA WATCH:\r\n– Skapa en sträng med album och albumartist (om album (mer än 50% av alla artister är samma). Annars album, år och titel på första spåret.\r\n– Skapa snabbknapp för att lägga punkt efter varje bokstav i ordet/orden.",
  "lastUpdated": "2025-10-15 20:12:57"
}
